title,subtitle,kicker,link,image
"So heiß wird es in den nächsten Tagen bei Ihnen","Seit Ende Juni steigen die Temperaturen auf weit über 30 Grad Celsius,
													mancherorts sogar auf 36 Grad. Besonders in den großen Städten Österreichs
													ist die Hitze zu spüren. Finden Sie für Ihren Standort heraus, wie heiß es
													wird","Hitze","https://www.derstandard.at/story/3000000274996/so-heiss-wird-es-in-den-naechsten-tagen-bei-ihnen","https://i.ds.at/cbtMDQ/rs:fill:600:400/plain/lido-images/2023/06/19/bffd6f97-c78c-4336-a42e-d27c44185428.jpeg"
"3,1 Grad plus: Was der neue Klimabericht über Österreich enthüllt","Klimaminister Norbert Totschnig (ÖVP) und Fachleute präsentierten am
													Dienstag den Zweiten Österreichischen
													Sachstandsbericht Klimawandel. Welche
													Folgen bis 2100 anstehen und wie frühes Handeln Geld spart","""Klimabibel""","https://www.derstandard.at/story/3000000273788/31-grad-plus-was-der-neue-klimabericht-ueber-oesterreich-enthuellt","https://i.ds.at/W_Y_xA/rs:fill:600:400/plain/lido-images/2025/06/16/7114d396-d4b7-47f5-9150-40fcdf7b11f2.jpeg"
"ORF und STANDARD bleiben Österreichs
													vertrauenswürdigste Medienmarken","Die Zahlungsbereitschaft für digitalen
													Journalismus stieg 2024 laut Digital News Report in Österreich deutlich.
													Auch das Vertrauen in Medien wuchs wieder","Digital News Report","https://www.derstandard.at/story/3000000273339/orf-und-standard-bleiben-oesterreichs-vertrauenswuerdigste-medienmarken","https://i.ds.at/B2FUhg/rs:fill:600:400/plain/lido-images/2025/06/16/b008fa44-5a99-4c0b-a8ce-ff5371a81603.jpeg"
"Die Operation Spinnennetz in Grafiken und
													Satellitenbildern","Drohnenangriffe tief in Russland,
													Sprengstoffanschläge auf Brücken: Mit
													spektakulären Geheimdienstoperationen hat
													die Ukraine dem Kreml schwer zugesetzt. Was folgt als Nächstes?","Geheimoperation","https://www.derstandard.at/story/3000000273022/die-operation-spinnennetz-in-grafiken-und-satellitenbildern","https://i.ds.at/8dsl2g/rs:fill:600:400/plain/lido-images/2025/06/06/7f9b3608-354b-4021-b66a-602cb04e1463.gif"
"Das Rafah-Modell: Wie Israel Gaza neu zeichnet","Im Kampf gegen den Terror der Hamas will Israel immer mehr Land besetzen
													und dem Erdboden gleichmachen. Doch was kommt danach?","Nahostkonflikt","https://www.derstandard.at/story/3000000272106/das-rafah-modell-wie-israel-gaza-neu-zeichnet","https://i.ds.at/ahe-xw/rs:fill:600:400/plain/lido-images/2025/05/30/ce60ef94-8fd3-4451-8dc0-f1079320a4c2.jpeg"
"Sind die Eisheiligen wirklich so kalt, wie die Bauernregel besagt?","Vor Mitte Mai sollte man sensible Pflanzen nicht vor die Tür setzen
													– so die Regel. Wie viel meteorologisch dahintersteckt und wie die
													Prognose aussieht","Meteorologie","https://www.derstandard.at/story/3000000268860/sind-die-eisheiligen-wirklich-so-kalt-wie-die-bauernregel-besagt","https://i.ds.at/rrdcUA/rs:fill:600:400/plain/lido-images/2025/05/08/a95ab2f2-5141-4182-a7fe-2b5a2fa13cc6.jpeg"
"US-Zölle schaden Österreich: Diese Branchen könnte es besonders treffen","Die USA sind der
													zweitwichtigste Exportmarkt. Die Zölle
													wären laut Nationalbank ""verkraftbar"", doch einige Sektoren
													müssten mit Einbußen rechnen – außer Trump macht einen Rückzieher","Nationalbank","https://www.derstandard.at/story/3000000268543/wie-sehr-schaden-die-us-zoelle-oesterreich-die-nationalbank-hat-es-erhoben","https://i.ds.at/meL3XA/rs:fill:600:400/plain/lido-images/2025/03/04/9ac493b0-de48-40d2-a0bd-c1a507bd41eb.jpeg"
"Ein Sprengel ohne Stimmen, Gleichstand in fünf Grätzeln: Kuriose
													Ergebnisse in den Bezirken","Bei den Bezirksvertretungswahlen am Sonntag
													wurde mit Margareten ein Bezirk umgefärbt – und auch sonst geriet
													auf lokaler Ebene einiges in Bewegung","Bezirkswahlen","https://www.derstandard.at/story/3000000267446/ein-sprengel-ohne-stimmen-gleichstand-in-fuenf-graetzeln-kuriose-ergebnisse-in-den-bezirken","https://i.ds.at/AlWkXw/rs:fill:600:400/plain/lido-images/2025/04/28/0d54569c-63a8-4a63-bb63-5e4bfa425a4c.jpeg"
"Die Ergebnisse der Wiener
													Bezirksvertretungswahlen: Die ÖVP verliert
													überall","Neben einem neuen Gemeinderat wurde auch die künftige
													Zusammensetzung der 23
													Bezirksparlamente bestimmt","Lokalwahlen","https://www.derstandard.at/story/3000000266745/die-der-wiener-bezirksvertretungswahlen","https://i.ds.at/n_ejWg/rs:fill:600:400/plain/lido-images/2025/04/23/558b8c12-7d0a-4022-b28b-05db04dde98d.jpeg"
"So hat Wien gewählt","Das Ergebnis der Gemeinderats- und Landtagswahl in der
													Bundeshauptstadt 2025 liegt vor","Gemeinderatswahl","https://www.derstandard.at/story/3000000266743/wien-gewaehlt","https://i.ds.at/S5WpEA/rs:fill:600:400/plain/lido-images/2025/04/27/06ed587f-1e0f-4fd3-99e6-088075079794.jpeg"
"Wo die Zuagrasten aus anderen Bundesländern in Wien leben","Jene Wienerinnen und Wiener, die in anderen Bundesländern geboren sind,
													siedeln sich gern entlang der ""Fluchtwege"" in die Heimat an
													– und zwischen Gürtel und Ring","Angekommen","https://www.derstandard.at/story/3000000266403/wo-die-zuagrasten-aus-anderen-bundeslaendern-in-wien-leben","https://i.ds.at/YRsKQQ/rs:fill:600:400/plain/lido-images/2025/04/18/3fc0aa97-99b0-430b-b1a1-ce7530bf3a5c.jpeg"
"Wo in Wien die (Nicht-)Wähler wohnen","Die ""Ur-Wiener"" leben häufig an der Stadtgrenze,
													""Zuagraste"" aus den Bundesländern in den Innenbezirken und
													Migranten rund um den Gürtel, wie unsere Karte zeigt","Gemeinderatswahl","https://www.derstandard.at/story/3000000265000/wo-in-wien-die-nicht-waehler-wohnen","https://i.ds.at/04k6xQ/rs:fill:600:400/plain/lido-images/2024/10/24/7a882ddd-7ea0-442f-a678-c48b6b39bd92.jpeg"
"Können Sie diese Bezirke Wiens nur am Umriss erkennen?","Für so manchen oder manche sind die 23 Namen der Wiener Bezirke noch ein
													Mysterium. Ganz zu schweigen von den Umrissen der Bezirke. Aber genau das
													wird hier getestet","Quiz","https://www.derstandard.at/story/3000000265668/koennen-sie-diese-bezirke-wiens-nur-am-umriss-erkennen","https://i.ds.at/sjrTFA/rs:fill:600:400/plain/lido-images/2025/04/15/4afa3271-88af-4a02-b21c-04b39657983b.png"
"Heißestes Jahr Europas: Warum 2024 ein Jahr der
													Ost-West-Gegensätze war","Sonniger Osten, nasser Westen: 2024 erstaunte die Fachwelt. Was heißt das
													für Solarkraft, wo gab es die längste Hitzewelle, welcher Kontinent
													erwärmt sich langsamer? Alle Fragen und Antworten zum europäischen
													Klimabericht","Klimabericht","https://www.derstandard.at/story/3000000265669/heissestes-jahr-europas-warum-2024-ein-jahr-der-ost-west-gegensaetze-war","https://i.ds.at/Zviupg/rs:fill:600:400/plain/lido-images/2025/04/14/7b1fed8b-9c73-45cd-a61a-4a97b3c527ba.jpeg"
"Die USA schotten sich ab – ist das der Todesstoß für den
													Freihandel?","Mit dem ""Tag der Befreiung"" hat US-Präsident Donald Trump dem
													Welthandel einen Schock versetzt. Ein Blick in Trumps verklärte
													US-Vergangenheit – und was sich
													daraus für die Zukunft des Freihandels ableiten lässt","Schock für den Welthandel","https://www.derstandard.at/story/3000000264422/die-usa-schotten-sich-ab-ist-das-der-todesstoss-fuer-den-freihandel","https://i.ds.at/5CUHrQ/rs:fill:600:400/plain/lido-images/2025/04/04/170d63c8-c4ca-4a4c-9ca6-bac1e58fe477.jpeg"
"Der STANDARD-Wahlkompass: Welche Partei
													passt in Wien zu Ihnen?","Die Orientierungshilfe zur Gemeinderats-
													und Landtagswahl: Finden Sie heraus, wie sehr Sie mit welcher Partei
													übereinstimmen","Gemeinderatswahl","https://www.derstandard.at/story/3000000259975/der-standard-wahlkompass-welche-partei-passt-in-wien-zu-ihnen","https://i.ds.at/VzudAw/rs:fill:600:400/plain/lido-images/2025/03/26/1d124912-f507-4f0d-b28b-0e810f48cd87.png"
"Ischgl, Kitzbühel oder Dachstein? Wo 2050 noch Schnee liegen wird","Aufgrund steigender Temperaturen könnte Naturschnee künftig in tiefer
													gelegenen Gebieten ausbleiben. Das bedeutet kein Ende des Winterspaßes,
													hat aber weitreichende Folgen","Skifoan is des Leiwandste","https://www.derstandard.at/story/3000000259264/ischgl-kitzbuehel-oder-dachstein-wo-2050-noch-schnee-liegen-wird","https://i.ds.at/9Mi4qQ/rs:fill:600:400/plain/lido-images/2025/03/21/798919b7-6d60-4637-bdc7-aead0ab9c0f9.jpeg"
"Worüber wir in 30 Jahren derStandard.at berichtet haben","Von Jörg Haider bis Donald Trump: Wann welche Geschichten und ihre
													Protagonisten groß waren","Themenkonjunktur","https://www.derstandard.at/story/3000000261750/worueber-wir-in-30-jahren-derstandardat-berichtet-haben","https://i.ds.at/0M1l_Q/rs:fill:600:400/plain/lido-images/2025/03/18/ec39303f-46ba-4639-aa5f-58cdba8edc50.png"
"Das Web in Zahlen: Ein Versuch der Vermessung","Wie lange sind Jugendliche wirklich auf Tiktok? Wie lange starren wir auf
													Bildschirme? Und: Warum der Scroll-Finger eigentlich schmerzen müsste","30 Jahre derstandard.at","https://www.derstandard.at/story/3000000261422/das-web-in-zahlen-ein-versuch-der-vermessung","https://i.ds.at/uSfZZg/rs:fill:600:400/plain/lido-images/2024/04/02/abe9fa60-05a5-49c6-92d3-b52c8bc7eddb.jpeg"
"Vorarlberger Kommunalwahl: So hat Ihre Gemeinde abgestimmt","In den 96 Orten und Städten des Bundeslands wurden am Sonntag die
													Gemeindevertretungen gewählt, in einem
													Großteil direkt auch die
													Bürgermeisterinnen und Bürgermeister","Ergebnisse","https://www.derstandard.at/story/3000000260887/vorarlberger-kommunalwahl-so-hat-ihre-gemeinde-abgestimmt","https://i.ds.at/MWeh_A/rs:fill:600:400/plain/lido-images/2025/03/14/8ec4ed6d-24ae-4c24-9662-e8735ebb67e3.jpeg"
"Warum einige Länder dem Krankenstand den Kampf ansagen","In Deutschland werden die vielen bezahlten Fehlzeiten schon länger
													diskutiert, aber auch in Spanien schlägt die Politik Alarm. In Österreich
													will man künftig strenger kontrollieren","Viele Fehlzeiten","https://www.derstandard.at/story/3000000257794/warum-einige-laender-dem-krankenstand-den-kampf-ansagen","https://i.ds.at/uwbNDA/rs:fill:600:400/plain/lido-images/2025/03/11/b26fc4d2-bcfc-4075-9579-9f4df4998594.jpeg"
"So hat das Burgenland gewählt","Interaktive Grafiken zum Stimmverhalten bei der Landtagswahl 2025 –
													inklusive Karten, Koalitionsrechner und
													Wählerstromanalyse","Landtagswahl 2025","https://www.derstandard.at/story/3000000253186/so-hat-das-burgenland-gewaehlt","https://i.ds.at/VVqGtw/rs:fill:600:400/plain/lido-images/2025/01/16/94bf29e8-2505-4224-8fc4-8255f3a428d4.jpeg"
"43 Prozent der Linzer SPÖ-Wähler gingen nicht zur
													Bürgermeisterwahl","Für die Stichwahl am 26. Jänner muss der
													sozialdemokratische Amtsanwärter Dietmar
													Prammer die Anhänger mobilisieren. FPÖ-Konkurrent Michael Raml fischte
													schon jetzt bei SPÖ und ÖVP","Vor der Stichwahl","https://www.derstandard.at/story/3000000252641/43-prozent-der-linzer-spoe-waehler-gingen-nicht-zur-buergermeisterwahl","https://i.ds.at/rCwN3g/rs:fill:600:400/plain/lido-images/2025/01/12/2b590513-5fd8-4463-ad0c-d22e96064288.jpeg"
"Hitzerekord mit plus 1,6 Grad: Beschleunigt sich die globale Erwärmung?","Fachleuten zufolge haben wir die geologische Uhr um 125.000 Jahre
													zurückgedreht und 2024 ein neues
													Temperaturmaximum erreicht. Das Ausmaß
													sorgt für hitzige Diskussionen","2024","https://www.derstandard.at/story/3000000251850/hitzerekord-mit-plus-16-grad-beschleunigt-sich-die-globale-erwaermung","https://i.ds.at/G_gemA/rs:fill:600:400/plain/lido-images/2025/01/08/277c4e53-c19d-47ab-a74f-d84bc957866a.jpeg"
"Wo Silvester als Erstes, zu früh und zweimal gefeiert wird","Silvester ist nur einmal im Jahr, theoretisch aber ziemlich lang. Denn
													irgendwo wird immer gefeiert. Persönliche Geschichten und eine interaktive
													Karte geben Einblicke","Einmal um die Welt","https://www.derstandard.at/story/3000000247586/wo-silvester-als-erstes-zu-frueh-und-zweimal-gefeiert-wird","https://i.ds.at/ZN8__A/rs:fill:600:400/plain/lido-images/2024/12/03/bf32008a-8ad3-4cd9-a745-2af41a03665a.jpeg"
"Wie oft gab es bei Ihnen weiße Weihnachten?","Räumlich sehr detaillierte Daten zeigen, wann in Österreich zu Weihnachten
													wo Schnee lag – und was der Trend der Vergangenheit für die Zukunft
													vermuten lässt","Infografik","https://www.derstandard.at/story/3000000250175/wie-oft-gab-es-bei-ihnen-weisse-weihnachten","https://i.ds.at/9Ow3Fg/rs:fill:600:400/plain/lido-images/2024/12/22/54856193-b7a2-4a45-b190-ba51a121afc3.jpeg"
"Laut Fachleuten braucht es mehr Grün auf unseren Dächern","Sengende Hitze im Sommer und eine Menge Feinstaub werden in Städten
													zunehmend zum Problem. Pflanzen wirken gegen beides. Laut Fachleuten
													braucht es in Zukunft also mehr davon – und zwar auch auf unseren
													Dächern","Klimawandel","https://www.derstandard.at/story/3000000247676/laut-fachleuten-braucht-es-mehr-gruen-auf-unseren-daechern","https://i.ds.at/sjF1Rg/rs:fill:600:400/plain/lido-images/2024/12/12/e56717e7-ae5d-470c-888e-7c6796b9db08.jpeg"
"Umweltjournalismus-Preis 2024 an
													STANDARD-Beitrag über Artensterben","Alicia Prager, Philip Pramer, Flora Mory, Julia Sica, Marlene Erhart und
													das Datenteam wurden in der Kategorie ""Crossmedia"" ausgezeichnet","Auszeichnungen","https://www.derstandard.at/story/3000000247850/umweltjournalismus-preis-2024-an-standard-beitrag-ueber-artensterben","https://i.ds.at/nc3inQ/rs:fill:600:400/plain/lido-images/2024/12/04/047c93a9-0061-432d-8da5-b9bf2e7f3e62.jpeg"
"DER STANDARD mit Winfra-Preis der Wiener Stadtwerke ausgezeichnet","Yilmaz Gülüm gewann mit einem ""Eco""-Beitrag die Kategorie
													TV/Hörfunk,
													""Falter""-Redakteurin Katharina
													Kropshofer bei Print. Der Sonderpreis ging an die Plattform
													""Relevant""","Preise","https://www.derstandard.at/story/3000000247084/der-standard-mit-winfra-preis-der-wiener-stadtwerke-ausgezeichnet","https://i.ds.at/-p0Wuw/rs:fill:600:400/plain/lido-images/2024/11/29/555b82c6-fb44-46cb-abca-0548d8104d64.jpeg"
"So hat die Steiermark gewählt","Interaktive Grafiken und Karten mit den Ergebnissen der Landtagswahl 2024
													aus allen 286 steirischen Gemeinden","Landtagswahl","https://www.derstandard.at/story/3000000244443/so-hat-die-steiermark-gewaehlt","https://i.ds.at/ABIHAg/rs:fill:600:400/plain/lido-images/2024/11/11/f2727ce2-a937-4c29-b491-601910127093.jpeg"
"Ist endlich ein Höhepunkt fossiler Emissionen in Sicht?","Der globale CO2-Ausstoß erreicht einen neuen Rekordwert. Trotzdem sind
													Fachleute hoffnungsvoll, warnen aber vor Schäden durch Energiehunger und
													ChatGPT","Global Carbon Budget","https://www.derstandard.at/story/3000000244188/ist-endlich-ein-hoehepunkt-fossiler-emissionen-in-sicht","https://i.ds.at/A9RZOA/rs:fill:600:400/plain/lido-images/2024/11/12/e8d40b09-4834-4d8a-9679-2d2fdee17aa6.jpeg"
"Punsch um bis zu sechs Euro und Grant aufs Pfand: Die ersten
													Weihnachtsmärkte öffnen","Weihnachten nähert sich, da dürfen auch die Wiener
													Christkindlmärkte nicht fehlen – vor
													allem weil sie im Wintertourismus für die
													Hauptstadt eine wesentliche Rolle spielen","Zeit des (Aus)Gebens","https://www.derstandard.at/story/3000000243888/punsch-um-bis-zu-sechs-euro-und-grant-aufs-pfand-die-ersten-weihnachtsmaerkte-oeffnen","https://i.ds.at/mrTY3g/rs:fill:600:400/plain/lido-images/2024/11/07/a4d885aa-72b0-4042-b7a0-8b607da2f8be.jpeg"
"Die Wiener Weihnachtsmärkte starten
													– in Schönbrunn mit Karussell und Eislaufplatz","Der Markt vor Schloss Schönbrunn eröffnet bereits am 8. November. Nach 30
													Jahren richtet ihn eine neue Betreiberfirma aus. Und auch an anderen Orten
													beginnt bald das Gepunsche","Neues Konzept","https://www.derstandard.at/story/3000000242794/die-wiener-weihnachtsmaerkte-starten-in-schoenbrunn-mit-karussell-und-eislaufplatz","https://i.ds.at/-AnhRA/rs:fill:600:400/plain/lido-images/2024/10/31/b6716660-6775-46eb-8d90-ec3c03567cae.jpeg"
"Kompakter, andere
													Öffnungszeiten: Adventmarkt am Spittelberg
													hat heuer neue Regeln","Das neue Konzept soll Konflikte um Lärm, Platz und
													Verunreinigungen vergangener Jahre in dem
													Grätzel in Wien-Neubau hintanhalten","Gepunsche im Wohngebiet","https://www.derstandard.at/story/3000000242814/kompakter-andere-oeffnungszeiten-adventmarkt-am-spittelberg-hat-heuer-neue-regeln","https://i.ds.at/YM9Qhg/rs:fill:600:400/plain/lido-images/2024/10/29/14bad69d-08a5-435d-ae0c-8d5446145c45.jpeg"
"Halloween-Quiz: Können Sie KI-Bilder von
													echten Fotos unterscheiden?","Testen Sie Ihr Wissen rund um Fakes der
													Bildgeneratoren in unserem gruseligen Quiz.
													Es wird nicht leicht – manche Bilder wirken täuschend echt","Fake vs. Foto","https://www.derstandard.at/story/3000000241007/halloween-quiz-koennen-sie-ki-bilder-von-echten-fotos-unterscheiden","https://i.ds.at/Gx2WqA/rs:fill:600:400/plain/lido-images/2024/10/30/9610c880-ed21-4248-82ff-c57229eca057.jpeg"
"Neue Abgeordnete: Weniger Frauen als Neulinge im Parlament","Am Donnerstag werden die 183 Abgeordneten angelobt. Frauen und Menschen
													mit Migrationshintergrund sind im neuen
													Nationalrat unter-, Akademiker
													überrepräsentiert","Konstituierende Sitzung","https://www.derstandard.at/story/3000000241846/mehr-neue-gesichter-als-frauen-im-parlament","https://i.ds.at/GBgV4g/rs:fill:600:400/plain/lido-images/2024/10/23/8ec8aee1-8e0e-4b90-959a-cc8db9cc23f9.jpeg"
"Alle Ergebnisse der Vorarlberger Landtagswahl 2024","Interaktive Grafiken zum Stimmverhalten in den 96 Gemeinden des
													westlichsten Bundeslandes – inklusive Karten,
													Koalitionsrechner und
													Wählerstromanalyse","Landhaus neu","https://www.derstandard.at/story/3000000240220/alle-ergebnisse-der-vorarlberger-landtagswahl-2024","https://i.ds.at/M_jdwg/rs:fill:600:400/plain/lido-images/2024/10/10/7e096f93-3da7-406f-8697-bcc039ed22b6.jpeg"
"Wie hat Ihre Gemeinde gewählt?","Wir haben Resultate der historischen
													Nationalratswahl vom Sonntag in
													detaillierten Grafiken und Karten aufgearbeitet","Wahl 2024","https://www.derstandard.at/story/3000000237919/alle-ergebnisse-von-bund-bis-sprengel-und-karten-die-den-wahren-verhaeltnissen-naeherkommen","https://i.ds.at/RbYibw/rs:fill:600:400/plain/lido-images/2024/09/30/9ec00b85-7662-40fc-b49d-0c17a39d6989.png"
"Wählerstromanalyse: Historisch größte
													Wählerwanderung von der ÖVP zur FPÖ","Ehemalige türkise und
													Nichtwählerstimmen trugen stärker zum
													blauen Wahlsieg bei als eigene FPÖ-Stimmen des Jahres 2019","Nationalratswahl 2024","https://www.derstandard.at/story/3000000237892/waehlerstromanalyse-historisch-groesster-waehleraustausch-von-der-oevp-zur-fpoe","https://i.ds.at/cR-jqA/rs:fill:600:400/plain/lido-images/2024/09/30/b4805d56-65c1-4297-8f23-13e44436a986.jpeg"
"Das Ergebnis, die möglichen Koalitionen: Die
													Nationalratswahl 2024 im Überblick","Interaktive Grafiken zum
													hochgerechneten bundesweiten Resultat und
													den Koalitionsmöglichkeiten","Parlamentswahl 2024","https://www.derstandard.at/story/3000000237888/das-ergebnis-die-moeglichen-koalitionen-die-nationalratswahl-2024-im-ueberblick","https://i.ds.at/j3p1bg/rs:fill:600:400/plain/lido-images/2024/09/26/1c94ffcc-2594-4d52-8b2d-ce4687bdda40.jpeg"
"Nur zwei Prozent der Blauwähler stimmten wegen Herbert Kickl für die FPÖ","Die Wahlmotive laut
													Wahltagsbefragung: Regierungs erhielt
													katastrophale Noten, FPÖ konnte diesmal auch bei Frauen punkten","Wahlmotive","https://www.derstandard.at/story/3000000237895/nur-zwei-prozent-der-blauwaehler-stimmten-wegen-herbert-kickl-fuer-die-fpoe","https://i.ds.at/EgCuKA/rs:fill:600:400/plain/lido-images/2024/09/29/6e6877f9-865f-4f50-92b5-e7f2ce3ef622.jpeg"
"Der STANDARD-Wahlkompass: Diese Parteien
													sind Ihnen am nächsten","Die Orientierungshilfe zur
													Nationalratswahl: Finden Sie heraus, wie
													sehr Sie mit welcher Partei übereinstimmen","Interaktiv","https://www.derstandard.at/story/3000000227558/der-standard-wahlkompass-zur-nationalratswahl","https://i.ds.at/o0XgBw/rs:fill:600:400/plain/lido-images/2024/08/21/6a149184-72b0-4553-9b69-62d092b2120b.png"
"So heiß wird es bei Ihnen diese Woche","Die 33. Kalenderwoche wird heuer wohl eine der wärmsten. In manchen
													Regionen können die Temperaturen auf über 37 Grad Celsius steigen. Finden
													Sie es für Ihren Standort heraus","Infografik","https://www.derstandard.at/story/3000000232134/so-heiss-wird-es-bei-ihnen-diese-woche","https://i.ds.at/I8gvWw/rs:fill:600:400/plain/lido-images/2024/08/12/754b5222-a3c0-4b9c-96ca-ab54cf8bf75e.jpeg"
"Die komplexen Allianzen und ""die Achse des Widerstands"" im Nahen
													Osten","Seit der Tötung von Hamas-Chef Haniyeh schwört die ""Achse des
													Widerstands"" unter Führung des Iran, dem Erzfeind Israels Rache. Wie
													die Eskalation genau ausschauen würde, bleibt unklar","Nahost","https://www.derstandard.at/story/3000000231717/die-komplexen-allianzen-und-die-achse-des-widerstands-im-nahen-osten","https://i.ds.at/Ux6spQ/rs:fill:600:400/plain/lido-images/2024/08/09/72e23dbf-fdad-44c3-b4fd-63b613744abc.jpeg"
"Demokratische Spender überschütten Harris mit Geld und machen Trump nervös","Seit dem Rückzug Joe Bidens aus dem
													US-Präsidentschaftsrennen fließen Millionen
													von Dollar ins Wahlkampfbudget von Kamala
													Harris. Es wird wohl, wieder einmal, der teuerste Wahlkampf aller Zeiten","US-Wahlkampf","https://www.derstandard.at/story/3000000229946/demokratische-spender-ueberschuetten-harris-mit-geld-und-machen-trump-nervoes","https://i.ds.at/cX3qSg/rs:fill:600:400/plain/lido-images/2024/07/26/8c1e139c-410c-41cd-922e-4ecadd4e0b25.jpeg"
"Olympisches Surfen: Die Monsterwellen warten am Ende der Straße","Vom 27. Juli bis zum 5. August werden die olympischen
													Surfwettbewerbe auf Tahiti ausgetragen. Es
													könnte spektakulär werden","Tahiti","https://www.derstandard.at/story/3000000228469/olympisches-surfen-die-monsterwellen-warten-am-ende-der-strasse","https://i.ds.at/IamiJA/rs:fill:600:400/plain/lido-images/2024/07/19/ef7bb51f-0e38-4d37-b00f-37196fd5c93d.jpeg"
"Ö3-Verlust drückt Reichweite der ORF-Radios nach unten, Private legen zu","Die Privatradios kommen beim Gesamtpublikum gemeinsam auf 33,9 Prozent. Ö3
													liegt bei 29,9 Prozent, Ö1 erreicht 9,5 Prozent und FM4 3,8 Prozent","Neuer Radiotest","https://www.derstandard.at/story/3000000229857/oe3-verlust-drueckt-reichweite-der-orf-radios-nach-unten-private-legen-zu","https://i.ds.at/AoveXQ/rs:fill:600:400/plain/lido-images/2024/07/25/b4c5d402-5c17-4a3a-b8b4-d2047622f32c.jpeg"
"Österreichs größte Medienunternehmen 2024
													– Kürzungen und Verluste","Größte Medienhäuser, gereiht nach Umsatz 2023, von ORF, Red Bull Media
													House, Krone-Kurier-Verlag Mediaprint und
													Styria abwärts im STANDARD-Datenüberblick","STANDARD-Überblick","https://www.derstandard.at/story/3000000228974/oesterreichs-groesste-medienunternehmen-2024-kuerzungen-und-verluste","https://i.ds.at/LwPqLQ/rs:fill:600:400/plain/lido-images/2024/07/19/80db9b74-954a-48cb-bdbb-ff87db1025a1.jpeg"
"Fußball-EM lässt bei Servus TV Rekorde purzeln","Die erste Hälfte des
													Österreich-Spiels gegen die Niederlande
													hatte einen Marktanteil von 70 Prozent. Im Juni überholte Servus TV
													erstmals ORF 1","Quoten","https://www.derstandard.at/story/3000000226622/fussball-em-laesst-bei-servus-tv-rekorde-purzeln","https://i.ds.at/yLhPRw/rs:fill:600:400/plain/lido-images/2024/07/01/9cf5d091-6dbd-4b6a-ae29-76118f350d62.jpeg"
"Beschuss von Redaktionsbüro in Gaza: Zielt Israels Armee auf Medien?","Im November treffen Geschoße das Büro der
													Nachrichtenagentur AFP im Gazastreifen. Das
													israelische Militär streitet einen gezielten Angriff ab, doch eine
													Recherche legt das Gegenteil nahe","Israel","https://www.derstandard.at/story/3000000225203/gazakrieg-journalismus-in-truemmern","https://i.ds.at/OBpkIQ/rs:fill:600:400/plain/lido-images/2024/06/24/8c5d87f5-8dfa-43f0-a15e-c1cc78bce559.jpeg"
"ORF und STANDARD laut neuem Digital News Report
													vertrauenswürdigste Medien","Transparenz schafft Vertrauen in Medien. Was Menschen in Österreich von
													Medien erwarten. Vertrauen sinkt,
													Zahlungsbereitschaft für digitale News
													stagniert","Digital News Report","https://www.derstandard.at/story/3000000224242/orf-und-standard-laut-neuem-digital-news-report-vertrauenswuerdigste-medien","https://i.ds.at/EyB-fg/rs:fill:600:400/plain/lido-images/2024/06/16/19728359-62f1-4bcf-ace7-c1204992f372.jpeg"
"Ade Ahorn? Welche Straßenbäume den Klimawandel überleben","Den Spitzahorn wird es kaum noch geben, auch der Rosskastanie wird es zu
													heiß. In Städten werden heimische Bäume zunehmend durch andere Arten
													ersetzt. Können diese den widrigen Bedingungen trotzen?","Interaktiv","https://www.derstandard.at/story/3000000223469/ade-ahorn-welche-strassenbaeume-den-klimawandel-ueberleben","https://i.ds.at/PLJkqQ/rs:fill:600:400/plain/lido-images/2024/06/11/547ec769-df83-4d5f-aa0c-753e5468c168.jpeg"
"Die Ergebnisse der EU-Wahl in Ihrer Gemeinde","Hier finden Sie die
													österreichischen Resultate der Wahl zum
													zehnten EU-Parlament am 9. Juni 2024","EU-WAHL 2024","https://www.derstandard.at/story/3000000223448/die-ergebnisse-der-eu-wahl","https://i.ds.at/-RrH2A/rs:fill:600:400/plain/lido-images/2024/06/09/c8da9365-d3ab-447b-8951-ba2a2773804f.jpeg"
"Das EU-Parlament in Zahlen","Das Hohe Haus in Straßburg fungiert gemeinsam mit dem Rat als
													Gesetzgebungsorgan der Union. Der STANDARD
													gibt einen visuellen Überblick über die abgelaufene
													Legislaturperiode","Fünf Straßburger Jahre","https://www.derstandard.at/story/3000000221750/das-eu-parlament-in-zahlen","https://i.ds.at/T-dguw/rs:fill:600:400/plain/lido-images/2024/04/24/82d8285b-17ac-441d-a1bb-1fb688a5a93b.jpeg"
"Macht der April wirklich, was er will?","Nach einem temperaturtechnisch turbulenten
													April scheint die Bauernweisheit, wieder
													einmal, zuzutreffen. Die Daten zeigen: Nicht nur der April ist wild","Wetter","https://www.derstandard.at/story/3000000217804/macht-der-april-wirklich-was-er-will","https://i.ds.at/V9WEuw/rs:fill:600:400/plain/lido-images/2024/04/29/703cdc60-e1bd-43dc-8a06-e14be5917626.jpeg"
"Wo man in Österreich am meisten verdient","In welcher Gemeinde sind die mittleren Einkommen am höchsten, wo am
													niedrigsten? Finden Sie in unseren interaktiven Grafiken heraus, wo sich
													Ihr Wohnort einreiht","Einkommenskarte","https://www.derstandard.at/story/3000000214427/wo-man-in-oesterreich-am-meisten-verdient","https://i.ds.at/YAK8lQ/rs:fill:600:400/plain/lido-images/2024/04/11/1ff41f9b-f2ea-424f-9e52-ef1a8e67a0c8.jpeg"
"Wie (ab)normal sind 30 Grad im April?","Am Sonntag wurde bereits der früheste Hitzetag der Messgeschichte
													gemessen. Wie entstehen diese Rekorde, und was für Folgen haben sie für
													Mensch und Natur?","Klima","https://www.derstandard.at/story/3000000214695/wie-abnormal-sind-30-grad-im-april","https://i.ds.at/sxjFbQ/rs:fill:600:400/plain/lido-images/2024/04/08/a57be09d-c69e-4f63-96cf-e6b293021b9e.jpeg"
"Sind diese Bilder Fotografien oder von einer KI produziert?","Was ist Foto, was ist Fake? Noch nie war dies so schwer zu unterscheiden
													wie heute. Testen Sie im KI-Osterquiz, ob wir Ihnen ein Ei legen konnten","KI-Osterquiz","https://www.derstandard.at/story/3000000213686/sind-diese-bilder-fotografien-oder-von-einer-ki-produziert","https://i.ds.at/nzIgxQ/rs:fill:600:400/plain/lido-images/2024/03/28/7b7654c9-f568-401e-b916-9a33bccf7f56.png"
"Von der Donau bis in die Arktis: Europa ringt um einen Stopp der
													""Ewigkeitschemikalien""","Wasserproben aus der Donau enthalten PFAS, die
													""Ewigkeitschemikalien"". Sie sind
													extrem robust, aus vielen
													Alltagsprodukten kaum wegzudenken –
													und teilweise toxisch. In Brüssel wird ein Verbot geprüft","Tag des Wassers","https://www.derstandard.at/story/3000000212533/von-der-donau-bis-in-die-arktis-europa-ringt-um-einen-stopp-der-ewigkeitschemikalien","https://i.ds.at/X-ilew/rs:fill:600:400/plain/lido-images/2024/03/21/d2b88442-a7f6-40ba-b683-115f32accccc.jpeg"
"Wie die Donau und ihre Industrien mit zu heißem Wasser kämpfen","Die von ""Átlátszó"" und DER STANDARD recherchierten Daten zeigen:
													Die Donau wird immer wärmer – mit
													Herausforderungen für ihre Natur","Tag des Wassers","https://www.derstandard.at/story/3000000212743/wie-die-donau-und-ihre-industrien-mit-zu-heissem-wasser-kaempfen","https://i.ds.at/GrSQdQ/rs:fill:600:400/plain/lido-images/2024/03/22/99236c66-94b0-48ce-b177-88f09cae53d7.jpeg"
"Zurück ins Kinderzimmer: Wie Studierende unter hohen Wohnkosten leiden","Die steigenden Mietpreise treffen Studierende hart. Manche verschlägt es
													deshalb zurück ins Elternhaus. Dem STANDARD erzählen zwei von ihnen, wie
													es ihnen damit geht","Campus","https://www.derstandard.at/story/3000000208618/zurueck-ins-kinderzimmer-wie-studierende-unter-hohen-wohnkosten-leiden","https://i.ds.at/pA4iOw/rs:fill:600:400/plain/lido-images/2024/03/13/9b231265-51ac-4f83-a633-66becf5ae579.jpeg"
"36 Thesen zur Formel 1: Hoffen auf Ricciardo und einen Wiener Grand Prix","Am Samstag startet die neue Saison. Was vier Experten erwarten und sich
													erhoffen: von Überraschungsteams und
													Wunschdestinationen","Motorsport","https://www.derstandard.at/story/3000000209668/36-thesen-zur-formel-1-hoffen-auf-ricciardo-und-einen-wiener-grand-prix","https://i.ds.at/NfPXMg/rs:fill:600:400/plain/lido-images/2024/02/29/97e78ad7-1eb8-45fb-80a1-21907c9111fb.jpeg"
"Weniger Autos, mehr Grün: Ländliche Kleinstädte kämpfen gegen den Verfall","Kleine Städte auf dem Land könnten sehr lebenswert sein, sind aber oft
													autozentriert geplant und im Zentrum verwaist. Die Politik erkennt langsam
													ihr Potenzial","Kleine Stadt, oho!","https://www.derstandard.at/story/3000000200285/weniger-autos-mehr-gruen-laendliche-kleinstaedte-kaempfen-gegen-den-verfall","https://i.ds.at/TT31cw/rs:fill:600:400/plain/lido-images/2024/01/19/e9e25173-a8d4-486b-b927-6b75415402f4.jpeg"
"Fake oder Foto: Können Sie handgemachte und KI-Bilder unterscheiden?","Viele Menschen sind bei Bildern achtsamer geworden. Wie ist das bei Ihnen?
													Erkennen Sie, ob bei diesen
													Weihnachtsmotiven Mensch oder KI am Werk
													war?","KI-Weihnachtsquiz","https://www.derstandard.at/story/3000000198247/fake-oder-foto-koennen-sie-handgemachte-und-ki-bilder-unterscheiden","https://i.ds.at/Jc55-A/rs:fill:600:400/plain/lido-images/2023/12/07/5a8f3356-ff18-4400-a774-f472098bad90.jpeg"
"CO2-Emissionen erreichen neuen Höchststand","In Europa sinkt der Ausstoß, aber wir müssten schon viel weiter sein. Das
													zeigt der neue Bericht zum Global Carbon Budget, der am Dienstag auf der
													Weltklimakonferenz vorgestellt wird","COP 28","https://www.derstandard.at/story/3000000198140/co2-emissionen-erreichen-neuen-hoechststand","https://i.ds.at/3S1k7A/rs:fill:600:400/plain/lido-images/2023/12/04/2037b03a-1074-4ef9-8852-f160f68a6e76.jpeg"
"Was bedeutet eine Erhitzung von 1,5 oder drei Grad für Österreich?","Aktuelle Daten zeigen unter anderem, mit wie vielen Hitzetagen wir rechnen
													müssen, wie häufig Dürren sein werden und wie schnell sich die Schneedecke
													zurückziehen wird","Auf einen Blick","https://www.derstandard.at/story/3000000197035/was-bedeutet-eine-erhitzung-von-15-oder-drei-grad-fuer-oesterreich","https://i.ds.at/9z2QGA/rs:fill:600:400/plain/lido-images/2023/08/28/ba0863e2-002a-4a38-8238-f4d6ffcbfddc.jpeg"
"STANDARD-Redakteurin Stefanie Rachbauer
													gewinnt Winfra-Journalismuspreis","Weitere Auszeichnungen für Frederick Reinprecht, Jonas Binder, Katharina
													Maitz, Marianne Waldhäusl und Lukas Matzinger","Lorbeeren","https://www.derstandard.at/story/3000000196595/standard-redakteurin-stefanie-rachbauer-gewinnt-winfra-journalismuspreis","https://i.ds.at/OFH8MQ/rs:fill:600:400/plain/lido-images/2023/11/23/c92c253a-273e-4cfa-9a28-89b0698681d6.jpeg"
"Das wärmste Jahr seit Messbeginn wird 2023 sein","Das neue Temperaturextrem ist ""so gut
													wie sicher"", meldet der
													EU-Klimawandeldienst Copernicus. Forschende
													berichten vom heißesten
													Zwölf-Monats-Zeitraum seit 125.000 Jahren.","Klimakrise","https://www.derstandard.at/story/3000000194157/das-waermste-jahr-seit-messbeginn-wird-2023-sein","https://i.ds.at/X2H23g/rs:fill:600:400/plain/lido-images/2023/11/07/65de7111-4ecc-4bfb-bb3b-3d0555f0597b.jpeg"
"Wie Wien nach dem Terroranschlag 2020 zusammenrückte","Drei Jahre nach dem Terroranschlag haben Forschende der Akademie der
													Wissenschaften analysiert, welche kollektive Erinnerung sich schon kurz
													danach gebildet hat","#schleichdiduoaschloch","https://www.derstandard.at/story/3000000192991/wie-wien-nach-dem-terroranschlag-2020-zusammenrueckte","https://i.ds.at/Le6xsQ/rs:fill:600:400/plain/lido-images/2023/10/29/b268701b-ba8e-4497-808f-97cd80409c9a.jpeg"
"Den Pinguinen schmilzt der Boden weg","Die tierischen Sympathieträger sind in
													Bedrängnis: Ihr Lebensraum verändert sich so schnell, dass sie sich kaum
													anpassen können","Frackträger in Not","https://www.derstandard.at/story/3000000191581/den-pinguinen-schmilzt-ihr-boden-weg","https://i.ds.at/c3Kpwg/rs:fill:600:400/plain/lido-images/2023/10/23/47587a91-1cf6-4cd9-b15f-b5e670936645.jpeg"
"Verbaute Flüsse, gerodete Wälder: Der Kampf gegen das große Sterben der
													Natur","Ob in Tirol, Laos oder Kolumbien: Diese zehn Menschen arbeiten daran, das
													Artensterben zu stoppen. Auf ein Abkommen dazu hatte sich die ganze Welt
													vor knapp einem Jahr geeinigt","Interaktiv","https://www.derstandard.at/story/3000000192855/vom-globalen-artensterben-und-jenen-die-es-bekaempfen","https://i.ds.at/gNxFDA/rs:fill:600:400/plain/lido-images/2023/10/27/5233549c-e4ab-4c9d-af06-134d3ff725f9.jpeg"
"Der Zirkus um den Lärm: Arena arbeitet an provisorischer Dämmung","Hochhausbewohner regt der Geräuschpegel aus
													der Eventlocation auf – die setzt nun Maßnahmen. Insgesamt ist in
													Wien aber der Verkehr der größte Lärmfaktor, gefolgt von Nachbarn","Wien","https://www.derstandard.at/story/3000000189890/der-zirkus-um-den-laerm-arena-arbeitet-an-provisorischer-daemmung","https://i.ds.at/8Bfs2g/rs:fill:600:400/plain/lido-images/2023/10/12/26005bf9-73c1-49f6-8b8a-0a25ca5313a7.jpeg"
"Preisvergleich: Wer gibt Lebensmittel
													billiger her?","Nach einem Jahr der Extreme sinken manche
													Lebensmittelpreise wieder. Viele wundern
													sich immer noch über die Beträge, die sich beim Einkauf summieren und
													ärgern sich, wenn Packungen schrumpfen","Teurer Einkauf","https://www.derstandard.at/story/3000000188175/preisvergleich-wer-gibt-lebensmittel-billiger-her","https://i.ds.at/Vpkd7A/rs:fill:600:400/plain/lido-images/2023/09/23/abd68509-618a-4f30-b675-c1b84a6b96ed.jpeg"
"Immo-Suche nach Klimakriterien: Die
													unsichersten Regionen in Österreich","Der Mensch kämpft auch in Österreich gegen die Folgen des Klimawandels. Wo
													in Österreich das Risiko am größten ist und was man bei der Immo-Suche
													beachten sollte","Bedrohte Bauten","https://www.derstandard.at/story/3000000184288/immo-suche-nach-klimakriterien-die-unsichersten-regionen-in-oesterreich","https://i.ds.at/O4u_lw/rs:fill:600:400/plain/lido-images/2023/08/25/7511cfb9-7a69-4783-979a-55e4d0268bad.jpeg"
"Interaktive Österreich-Karte: So heiß wird
													es bei Ihnen in den nächsten Tagen","Welche Temperaturen auf Sie zukommen, zeigt unsere
													Österreich-Karte des
													hochaufgelösten
													Temperaturmodells der nächsten Tage","Hitzewelle","https://www.derstandard.at/story/3000000179904/interaktive-oesterreich-karte-so-heiss-wird-es-bei-ihnen-in-den-naechsten-tagen","https://i.ds.at/yyrzkw/rs:fill:600:400/plain/lido-images/2023/06/21/82ddeffc-fd54-4735-8286-5ea804cc0410.jpeg"
"Von Erfolg und Ärgernis bei der gelb-blauen Tonne","Seit Anfang 2023 ist die neue, gelb-blaue Tonne für
													Leichtverpackungen im Einsatz. Die MA 48
													freut sich über eine höhere Sammelquote, doch nicht alle sind glücklich","Alles eitel Tonne?","https://www.derstandard.at/story/3000000182058/von-erfolg-und-aergernis-bei-der-gelb-blauen-tonne","https://i.ds.at/LWTqaQ/rs:fill:600:400/plain/lido-images/2023/08/07/9c920ed2-bf57-4f9b-b310-5c7d61048323.jpeg"
"Vertreibung aus dem Paradies: Die
													skandalträchtige Tour de France 1998","Der vor 25 Jahren ausgebrochene Doping-Eklat um das Festina-Team bildete
													den Auftakt für ein dunkles Jahrzehnt im Radsport. Der Imageschaden wirkt
													bis heute nach","Doping","https://www.derstandard.at/story/3000000176605/vertreibung-aus-dem-paradies-die-skandaltraechtige-tour-de-france-1998","https://i.ds.at/fUVdsQ/rs:fill:600:400/plain/lido-images/2023/07/07/c8593f77-c47a-49a1-ba0d-f310a0847849.jpeg"
"Wo queere Personen bis heute verfolgt werden","Wo droht Lesben, Schwulen und Bisexuellen die Todesstrafe? Wo dürfen
													gleichgeschlechtliche Paare heiraten, und
													wo trauen sie sich, Händchen zu halten? Ein interaktiver Guide mit
													Videoreportagen","Pride-Monat","https://www.derstandard.at/story/3000000173525/wo-queere-personen-bis-heute-verfolgt-werden","https://i.ds.at/E6ve_w/rs:fill:600:400/plain/lido-images/2023/06/22/ff1b9b4d-8ba6-4035-bf3f-5976225cf03a.jpeg"
"European Newspaper Awards verliehen - sieben Auszeichnungen für STANDARD","Vier Print-Layouts wurden bei dem europäischen Bewerb der
													Mediengestaltung ausgezeichnet, ebenso
													Datenvisualisierungen online und das
													STANDARD-Forum auf der Fassade des
													Leopold-Museums","Ausgezeichnet","https://www.derstandard.at/story/2000141846192/sieben-european-newspaper-awards-gehen-an-den-standard","https://i.ds.at/4zP60g/rs:fill:600:400/plain/2022/12/15/ENPKlimaonline.jpg"
"Globaler Norden schuldet Süden 170 Billionen Dollar für Klimasünden","Industrienationen müssten bis zum Jahr 2050
													enorme Kompensationszahlungen für ihre
													exzessiven Emissionen leisten, damit die Klimaziele erreicht werden können","Klimagerechtigkeit","https://www.derstandard.at/story/3000000173235/globaler-norden-schuzl","https://i.ds.at/M3r9GQ/rs:fill:600:400/plain/lido-images/2023/06/05/0615c27e-298b-4ceb-9279-47e1aeaeaa94.jpeg"
"Badespaß oder Klimasünde? Was der Boom privater Swimmingpools bedeutet","Geschätzt 150.000 private Pools gibt es in Österreich, doch viele
													Gemeinden ächzen unter dem
													Wasserverbrauch. Ein Besuch im Land der
													Gummiwuchteln","Kühles Nass","https://www.derstandard.at/story/3000000124820/badespass-oder-klimasuende-was-der-boom-privater-swimming-pools-bedeutet","https://i.ds.at/i4A0NQ/rs:fill:600:400/plain/lido-images/2023/06/02/ff017c48-8f0c-430d-b6eb-a283346956f8.jpeg"
"Die sieben Lektionen der Seven Serpents: 540 Kilometer auf dem Gravelbike","Das Seven Serpents Quickbite führt über Stock, Stein und 10.600 Höhenmeter
													durch Slowenien und Kroatien. Ein Selbstversuch, der vieles lehrte","Rad-Challenge","https://www.derstandard.at/story/3000000021257/die-sieben-lektionen-der-seven-serpents-540-kilometer-am-gravelbike","https://i.ds.at/475iJQ/rs:fill:600:400/plain/lido-images/2023/05/22/f392306d-0752-4309-9c60-e6fe8a3ee1f3.jpeg"
"Gesamtergebnis der ÖH-Wahl wird wohl erst am Montag vorliegen","An der Uni Wien liegt der VSStÖ voran, die Liste Herbert zieht wohl in die
													Bundesvertretung ein, Gras verliert
													vielerorts","Die Wahl in Grafiken","https://www.derstandard.at/story/2000146383600/gesamtergebnis-der-oeh-wahl-wird-wohl-erst-am-montag-vorliegen","https://i.ds.at/zYypUw/rs:fill:600:400/plain/2023/05/12/apamanhart.jpg"
"Pressefreiheit in Österreich bleibt auf niedrigem Niveau","Österreich liegt im weltweiten Ranking der Pressefreiheit nach dem Absturz
													des Vorjahres auf dem nur
													""zufriedenstellenden"" 29. Rang","Reporter ohne Grenzen","https://www.derstandard.at/story/2000146057469/pressefreiheit-in-oesterreich-bleibt-auf-niedrigem-niveau","https://i.ds.at/8sgEiQ/rs:fill:600:400/plain/2023/05/02/WeltkarteROG.jpg"
"Die Gletscher schmolzen 2022 im Rekordtempo – besonders in Europa","Aktuelle Auswertungen untermauern den massiven Rückgang der alpinen
													Gletscher. Hohe Temperaturen und geringe
													Schneebedeckung führen zur Rekordschmelze","Rasanter Eisverlust","https://www.derstandard.at/story/2000145833249/die-gletscher-schmolzen-2022-im-rekordtempo-besonders-in-europa","https://i.ds.at/n0G_0w/rs:fill:600:400/plain/2023/04/25/pasterze.jpg"
"Wann war beim Marathon das Wetter am schlechtesten, wann kamen die meisten
													ins Ziel?","Manchmal schien die Sonne, manchmal regnete es – und einmal hat es
													sogar gehagelt. Seit fast 40 Jahren wird in Wien Marathon gelaufen. Die
													Königsdisziplin in Zahlen","Wien-Marathon","https://www.derstandard.at/story/2000145586493/wann-war-beim-marathon-das-wetter-am-schlechtesten-wann-kamen","https://i.ds.at/fkuIIQ/rs:fill:600:400/plain/2023/04/21/laufen1.jpg"
"Die Trockenheit in Ostösterreich verwandelt Schotterteiche in Kiesgruben","Trockenheit und Wassermangel sind nicht mehr nur ein Problem des Südens,
													sondern auch Ostösterreichs. Dennoch kein
													Grund zur Aufregung, sagen die Zuständigen","Wassermangel in Österreich","https://www.derstandard.at/story/2000145091342/die-trockenheit-in-ostoesterreich-verwandelt-schotterteiche-in-kiesgruben","https://i.ds.at/b_G8Wg/rs:fill:600:400/plain/2023/03/31/wasser002.jpg"
"Zukunft des Skitourismus auf schwindendem Eis","Klimatisch gesehen liegt die Zukunft des
													(Oster-)Skilaufs in der Höhe. Doch unter
													den Liftstützen schmilzt das Eis. Die Reaktionen sind
													unterschiedlich: Es wird ab- und ausgebaut","Gletscherskilauf","https://www.derstandard.at/story/2000145004062/zukunft-des-skitourismus-auf-schwindendem-eis","https://i.ds.at/79p0aw/rs:fill:600:400/plain/2023/03/29/2023-03-Gletscher.jpg"
"Wie viele Gasthäuser in
													Niederösterreich tatsächlich zugrunde
													gegangen sind","Die schwarz-blaue Regierung führt eine umstrittene Prämie für Gasthäuser
													ein, die traditionelle Küche anbieten. Wie ist die Lage altehrwürdiger
													Wirtshäuser in Niederösterreich wirklich?","""Wirtshausprämie""","https://www.derstandard.at/story/2000144862263/wie-viele-gasthaeuser-in-niederoesterreich-tatsaechlich-zugrunde-gegangen-sind","https://i.ds.at/wKhfCQ/rs:fill:600:400/plain/2023/03/24/schnitzel.jpg"
"Wie sich der russische Vormarsch auf Bachmut entwickelte","Russland hält mit Wagner-Söldnern eine Art
													Zangengriff um die ostukrainische Stadt – mit hohem Blutzoll:
													Tausende Russen sollen gefallen sein. Eine Einkesselung gilt als nächster
													logischer Zug","Krieg in der Ukraine","https://www.derstandard.at/story/2000144233295/wie-sich-der-russische-vormarsch-auf-bachmut-entwickelte","https://i.ds.at/MPLwmQ/rs:fill:600:400/plain/2023/03/07/bakhmut005.jpg"
"Das Jahr des Fernando Alonso? Was die
													Formel-1-Saison bringt","Max Verstappen wird Weltmeister, ja eh. Und sonst? 28 Expertisen zu den
													spannenderen Fragen der Formel 1 – von unerwarteten Podestfahrern
													bis zu Krisenkandidaten","Formel 1","https://www.derstandard.at/story/2000144134893/das-jahr-des-fernando-alonso-was-die-formel-1-saison","https://i.ds.at/hXlMnA/rs:fill:600:400/plain/2023/03/03/AlonsoHeck.jpg"
"Wer hat der Ukraine welche Waffen geliefert?","Die Ukrainer kämpfen um ihren Staat – und wären ohne westliche
													Waffenlieferungen wohl besiegt. Die Partner
													wägen neue Zusage sorgfältig ab, doch Monat für Monat kommt mehr","Kriegsgerät","https://www.derstandard.at/story/2000143804561/wer-hat-der-ukraine-welche-waffen-geliefert","https://i.ds.at/oxk1aQ/rs:fill:600:400/plain/2023/02/22/scholz-und-der-panzer.jpg"
"Geschworene machen Andeutungen zu Anklage gegen Trump in Georgia","Die Ermittlungen richten sich gegen den Ex-Präsidenten und sein Lager.
													2020 soll er in Georgia versucht haben, Einfluss auf die Auszählung der
													Wählerstimmen zu nehmen","Wahlbeeinflussung","https://www.derstandard.at/story/2000143799692/jury-macht-andeutungen-zu-anklage-gegen-trump-in-georgia","https://i.ds.at/jjsuEA/rs:fill:600:400/plain/2023/02/22/Trump1.jpg"
"Geschafft: LeBron James knackt den Punkterekord in der NBA","Der 38-Jährige übertrifft eine Bestmarke, die unerreichbar schien –
													und hält bei 38.390 Zählern","Basketball","https://www.derstandard.at/story/2000143246085/der-beste-aller-zeitenlebron-james-bricht-punkterekord-in-der-nba","https://i.ds.at/7N7-iA/rs:fill:600:400/plain/2023/02/08/lebron.jpg"
"Sechs Details zur
													Niederösterreich-Wahl: FPÖ holte zwölf
													Gemeinden von ÖVP","Auf Gemeindeebene werden spannende Dynamiken der Landtagswahl sichtbar.
													Etwa wie sich der Siegeszug der Freiheitlichen und der Schwund der
													absoluten Mehrheiten gestalten","Gemeindeergebnisse","https://www.derstandard.at/story/2000143088751/sechs-details-zur-niederoesterreich-wahl-fpoe-stahl-oevp-zwoelf-gemeinden","https://i.ds.at/V8wnpg/rs:fill:600:400/plain/2023/01/31/WahhlokalFlorian-Wieser.jpg"
"Wo in Österreich Immobilien noch leistbar sind","20 Prozent an Eigenmitteln sind für einen
													Immobilienkredit nötig – daran
													zerbricht so mancher Traum. Wo man dafür jahrelang arbeiten muss und wo es
													schneller geht","Immobilienmarkt","https://www.derstandard.at/story/2000142812192/wo-in-oesterreich-immobilien-noch-leistbar-sind","https://i.ds.at/rzUDtA/rs:fill:600:400/plain/2023/01/23/doppelhaeuser.jpg"
"Keine Bim in Sicht: Störungen und Verzögerungen bei den Wiener Öffis","Nicht erst seit dem Wintereinzug wartet man länger auf die Öffis. Die
													Wiener Linien sprechen von Personalnot und kalkulierten
													Intervallverlängerungen. Dazu kommen
													ungeplante Störungen","Wien","https://www.derstandard.at/story/2000141719637/keine-bim-in-sicht-stoerungen-und-verzoegerungen-bei-den-wiener","https://i.ds.at/lmoCgg/rs:fill:600:400/plain/2022/12/12/bim.jpeg"
"Wieso Russlands Krieg auch Hungersnöte verschlimmert – obwohl es
													genug Weizen gibt","Die Unsicherheit, die Russlands Krieg losgetreten hat, lässt Preise
													weltweit schwanken – auch für Weizen und Brot. Eine Erklärung in
													fünf Grafiken","Krieg und Brot","https://www.derstandard.at/story/2000141332403/wieso-russlands-krieg-auch-hungersnoete-verschlimmert-obwohl-es-genug-weizen","https://i.ds.at/PuI5-Q/rs:fill:600:400/plain/2022/12/11/weizen.jpg"
"Ist Wien eine 15-Minuten-Stadt?","Wien ist vielerorts schon eine Stadt der kurzen Wege, doch es gibt auch
													noch Aufholbedarf. Wir sind – Stoppuhr im Gepäck – mit
													Wienerinnen und Wienern durch die Stadt spaziert","Erreichbarkeit","https://www.derstandard.at/story/2000141195338/ist-wien-eine-15-minuten-stadt","https://i.ds.at/LkEX7w/rs:fill:600:400/plain/2022/11/27/weg1.jpg"
"Umweltjournalismus-Preis für
													STANDARD-Videoserie ""Erklärt!:
													Klima"" von Verena Mischitz","Das STANDARD-Interaktivteam war ebenfalls
													in der Online-Kategorie nominiert","Lorbeer","https://www.derstandard.at/story/2000141314154/umweltjournalismuspreis-fuer-standard-videoserie-erklaert-klima-von-verena-mischitz","https://i.ds.at/XdqEoA/rs:fill:600:400/plain/2022/11/29/erklaert.jpg"